station,group_by,bucket,pair,method,correlation
recinto-esparza,hour,day,pressure-precipitation,spearman,-0.017341998893572557
recinto-esparza,hour,day,pressure-luminous_intensity,pearson,0.07230597971587731
recinto-esparza,hour,day,precipitation-luminous_intensity,spearman,-0.20845569394622257
recinto-esparza,hour,night,pressure-precipitation,spearman,0.10560590913237174
recinto-esparza,hour,night,pressure-luminous_intensity,pearson,-0.034090198287777894
recinto-esparza,hour,night,precipitation-luminous_intensity,spearman,-0.0028298061195276367
recinto-esparza,season,dry,pressure-precipitation,spearman,-0.010902928992459949
recinto-esparza,season,dry,pressure-luminous_intensity,pearson,0.008427996178088966
recinto-esparza,season,dry,precipitation-luminous_intensity,spearman,0.0009437798675119279
recinto-esparza,season,wet,pressure-precipitation,spearman,0.023951865646626463
recinto-esparza,season,wet,pressure-luminous_intensity,pearson,-0.01426432283778241
recinto-esparza,season,wet,precipitation-luminous_intensity,spearman,-0.040913754035156104
recinto-santa-cruz,hour,day,pressure-precipitation,spearman,0.009726756387174138
recinto-santa-cruz,hour,day,pressure-luminous_intensity,pearson,-0.022263166815882335
recinto-santa-cruz,hour,day,precipitation-luminous_intensity,spearman,-0.11204211557961131
recinto-santa-cruz,hour,night,pressure-precipitation,spearman,0.061385927365003874
recinto-santa-cruz,hour,night,pressure-luminous_intensity,pearson,-0.3109128749226845
recinto-santa-cruz,hour,night,precipitation-luminous_intensity,spearman,0.07701155809384912
recinto-santa-cruz,season,dry,pressure-precipitation,spearman,-0.02214934883667406
recinto-santa-cruz,season,dry,pressure-luminous_intensity,pearson,-0.05913278980727889
recinto-santa-cruz,season,dry,precipitation-luminous_intensity,spearman,-0.004908974998171887
recinto-santa-cruz,season,wet,pressure-precipitation,spearman,0.06327914424534219
recinto-santa-cruz,season,wet,pressure-luminous_intensity,pearson,-0.0570464799610843
recinto-santa-cruz,season,wet,precipitation-luminous_intensity,spearman,-0.007600594379644249
sede-atlantico_turrialba,hour,day,pressure-precipitation,spearman,0.016888953451426984
sede-atlantico_turrialba,hour,day,pressure-luminous_intensity,pearson,0.14997373182692786
sede-atlantico_turrialba,hour,day,precipitation-luminous_intensity,spearman,-0.24251148269025066
sede-atlantico_turrialba,hour,night,pressure-precipitation,spearman,0.04475473395492208
sede-atlantico_turrialba,hour,night,pressure-luminous_intensity,pearson,-0.02263834085739877
sede-atlantico_turrialba,hour,night,precipitation-luminous_intensity,spearman,0.022858051692520705
sede-atlantico_turrialba,season,dry,pressure-precipitation,spearman,0.09678351849511414
sede-atlantico_turrialba,season,dry,pressure-luminous_intensity,pearson,0.044406389269504756
sede-atlantico_turrialba,season,dry,precipitation-luminous_intensity,spearman,-0.07251651007726342
sede-atlantico_turrialba,season,wet,pressure-precipitation,spearman,-0.008477627504611372
sede-atlantico_turrialba,season,wet,pressure-luminous_intensity,pearson,0.035587356701545884
sede-atlantico_turrialba,season,wet,precipitation-luminous_intensity,spearman,-0.057766410099597834
sede-central_finca-1,hour,day,pressure-precipitation,spearman,-0.027209295328196156
sede-central_finca-1,hour,day,pressure-luminous_intensity,pearson,-0.07401284527170765
sede-central_finca-1,hour,day,precipitation-luminous_intensity,spearman,-0.11446929503677088
sede-central_finca-1,hour,night,pressure-precipitation,spearman,0.038852940686755606
sede-central_finca-1,hour,night,pressure-luminous_intensity,pearson,-0.003276661712131366
sede-central_finca-1,hour,night,precipitation-luminous_intensity,spearman,0.004626258797990996
sede-central_finca-1,season,dry,pressure-precipitation,spearman,-0.015027743557001877
sede-central_finca-1,season,dry,pressure-luminous_intensity,pearson,-0.11998932688731878
sede-central_finca-1,season,dry,precipitation-luminous_intensity,spearman,0.007014318814783803
sede-central_finca-1,season,wet,pressure-precipitation,spearman,0.022221087693258892
sede-central_finca-1,season,wet,pressure-luminous_intensity,pearson,-0.0809770251830046
sede-central_finca-1,season,wet,precipitation-luminous_intensity,spearman,-0.022709957898098227
sede-central_finca-2,hour,day,pressure-precipitation,spearman,-0.05962302835422201
sede-central_finca-2,hour,day,pressure-luminous_intensity,pearson,0.0763982922550251
sede-central_finca-2,hour,day,precipitation-luminous_intensity,spearman,-0.17797566749711494
sede-central_finca-2,hour,night,pressure-precipitation,spearman,0.049209683352277836
sede-central_finca-2,hour,night,pressure-luminous_intensity,pearson,-0.05171171072359718
sede-central_finca-2,hour,night,precipitation-luminous_intensity,spearman,-0.0394917722778891
sede-central_finca-2,season,dry,pressure-precipitation,spearman,-0.021052567089721863
sede-central_finca-2,season,dry,pressure-luminous_intensity,pearson,-0.006181974863688481
sede-central_finca-2,season,dry,precipitation-luminous_intensity,spearman,0.013927443036443813
sede-central_finca-2,season,wet,pressure-precipitation,spearman,-0.03191608196508185
sede-central_finca-2,season,wet,pressure-luminous_intensity,pearson,0.03212875797011603
sede-central_finca-2,season,wet,precipitation-luminous_intensity,spearman,-0.035828267911306166
sede-central_finca-3,hour,day,pressure-precipitation,spearman,-0.11279992186636989
sede-central_finca-3,hour,day,pressure-luminous_intensity,pearson,0.29809129659511896
sede-central_finca-3,hour,day,precipitation-luminous_intensity,spearman,-0.19776403995539496
sede-central_finca-3,hour,night,pressure-precipitation,spearman,0.036578841870600086
sede-central_finca-3,hour,night,pressure-luminous_intensity,pearson,-0.008626170669522554
sede-central_finca-3,hour,night,precipitation-luminous_intensity,spearman,-0.009887245200698553
sede-central_finca-3,season,dry,pressure-precipitation,spearman,-0.04504197289885194
sede-central_finca-3,season,dry,pressure-luminous_intensity,pearson,0.16928575278298078
sede-central_finca-3,season,dry,precipitation-luminous_intensity,spearman,0.0017495687912674684
sede-central_finca-3,season,wet,pressure-precipitation,spearman,-0.020361359898739436
sede-central_finca-3,season,wet,pressure-luminous_intensity,pearson,0.09622944111674969
sede-central_finca-3,season,wet,precipitation-luminous_intensity,spearman,-0.03922958049124611
sede-central_losic-norte-1,hour,day,pressure-precipitation,spearman,-0.02355577879960777
sede-central_losic-norte-1,hour,day,pressure-luminous_intensity,pearson,0.24479079599002884
sede-central_losic-norte-1,hour,day,precipitation-luminous_intensity,spearman,-0.20591513495873828
sede-central_losic-norte-1,hour,night,pressure-precipitation,spearman,0.07849956133583373
sede-central_losic-norte-1,hour,night,pressure-luminous_intensity,pearson,-0.028988287804206016
sede-central_losic-norte-1,hour,night,precipitation-luminous_intensity,spearman,-0.017166356642309154
sede-central_losic-norte-1,season,dry,pressure-precipitation,spearman,-0.02328456186456222
sede-central_losic-norte-1,season,dry,pressure-luminous_intensity,pearson,0.16594306661129832
sede-central_losic-norte-1,season,dry,precipitation-luminous_intensity,spearman,0.008798919443547562
sede-central_losic-norte-1,season,wet,pressure-precipitation,spearman,0.030994377803998913
sede-central_losic-norte-1,season,wet,pressure-luminous_intensity,pearson,0.06874841949714763
sede-central_losic-norte-1,season,wet,precipitation-luminous_intensity,spearman,-0.056308733231785105
sede-central_losic-norte-2,hour,day,pressure-precipitation,spearman,-0.06765959839753174
sede-central_losic-norte-2,hour,day,pressure-luminous_intensity,pearson,-0.05998203984224199
sede-central_losic-norte-2,hour,day,precipitation-luminous_intensity,spearman,-0.19460213475174656
sede-central_losic-norte-2,hour,night,pressure-precipitation,spearman,-0.056913107191548025
sede-central_losic-norte-2,hour,night,pressure-luminous_intensity,pearson,0.02332071387689018
sede-central_losic-norte-2,hour,night,precipitation-luminous_intensity,spearman,-0.006599087279488101
sede-central_losic-norte-2,season,dry,pressure-precipitation,spearman,0.04500688577906507
sede-central_losic-norte-2,season,dry,pressure-luminous_intensity,pearson,-0.08132668324942152
sede-central_losic-norte-2,season,dry,precipitation-luminous_intensity,spearman,-0.0033123680992009664
sede-central_losic-norte-2,season,wet,pressure-precipitation,spearman,-0.057502499165547165
sede-central_losic-norte-2,season,wet,pressure-luminous_intensity,pearson,0.03563073553138497
sede-central_losic-norte-2,season,wet,precipitation-luminous_intensity,spearman,0.018993597886409468
sede-central_sabanilla,hour,day,pressure-precipitation,spearman,-0.017191079315205266
sede-central_sabanilla,hour,day,pressure-luminous_intensity,pearson,0.15244754258980647
sede-central_sabanilla,hour,day,precipitation-luminous_intensity,spearman,-0.23811450523291744
sede-central_sabanilla,hour,night,pressure-precipitation,spearman,0.09218207741486464
sede-central_sabanilla,hour,night,pressure-luminous_intensity,pearson,-0.03196614628183343
sede-central_sabanilla,hour,night,precipitation-luminous_intensity,spearman,-0.005861806982063991
sede-central_sabanilla,season,dry,pressure-precipitation,spearman,0.11418970943017552
sede-central_sabanilla,season,dry,pressure-luminous_intensity,pearson,0.09246396535697808
sede-central_sabanilla,season,dry,precipitation-luminous_intensity,spearman,0.06863477403612935
sede-central_sabanilla,season,wet,pressure-precipitation,spearman,0.026046905983626155
sede-central_sabanilla,season,wet,pressure-luminous_intensity,pearson,0.06969937920728099
sede-central_sabanilla,season,wet,precipitation-luminous_intensity,spearman,-0.03275091688574098
sede-guanacaste_liberia,hour,day,pressure-precipitation,spearman,0.00933996043231041
sede-guanacaste_liberia,hour,day,pressure-luminous_intensity,pearson,0.10037300096730448
sede-guanacaste_liberia,hour,day,precipitation-luminous_intensity,spearman,-0.10357098218140245
sede-guanacaste_liberia,hour,night,pressure-precipitation,spearman,0.046864719007749106
sede-guanacaste_liberia,hour,night,pressure-luminous_intensity,pearson,-0.021801906507277546
sede-guanacaste_liberia,hour,night,precipitation-luminous_intensity,spearman,-0.02894413100820229
sede-guanacaste_liberia,season,dry,pressure-precipitation,spearman,-0.041303639696733875
sede-guanacaste_liberia,season,dry,pressure-luminous_intensity,pearson,0.057012494918061804
sede-guanacaste_liberia,season,dry,precipitation-luminous_intensity,spearman,-0.03023803217994487
sede-guanacaste_liberia,season,wet,pressure-precipitation,spearman,0.07161779458495442
sede-guanacaste_liberia,season,wet,pressure-luminous_intensity,pearson,-0.056480209540884986
sede-guanacaste_liberia,season,wet,precipitation-luminous_intensity,spearman,-0.05373984974649473
sede-sur_golfito,hour,day,pressure-precipitation,spearman,-0.025779728818971833
sede-sur_golfito,hour,day,pressure-luminous_intensity,pearson,0.1046909037288483
sede-sur_golfito,hour,day,precipitation-luminous_intensity,spearman,-0.262635844300212
sede-sur_golfito,hour,night,pressure-precipitation,spearman,0.1275161632433857
sede-sur_golfito,hour,night,pressure-luminous_intensity,pearson,-0.035207991469279984
sede-sur_golfito,hour,night,precipitation-luminous_intensity,spearman,-0.050635578630548524
sede-sur_golfito,season,dry,pressure-precipitation,spearman,0.003383331573245919
sede-sur_golfito,season,dry,pressure-luminous_intensity,pearson,0.042841401311603834
sede-sur_golfito,season,dry,precipitation-luminous_intensity,spearman,-0.07373429806996938
sede-sur_golfito,season,wet,pressure-precipitation,spearman,0.07056057522323486
sede-sur_golfito,season,wet,pressure-luminous_intensity,pearson,0.11450416332883694
sede-sur_golfito,season,wet,precipitation-luminous_intensity,spearman,-0.07716243142490974
