station,feature,start,end,span_days,expected_rows,actual_rows,missing_rows,pct_missing,n_gaps,max_gap
recinto-esparza,luminous_intensity,2024-11-21 15:00:00,2026-08-16 00:00:00,632.375,91063,86293,4770,5.238131842790156,277,3 days 08:10:00
recinto-esparza,precipitation,2024-10-27 00:10:00,2026-08-16 00:00:00,657.9930555555555,94752,94752,0,0.0,0,0 days 00:00:00
recinto-esparza,pressure,2024-11-21 15:00:00,2026-08-16 00:00:00,632.375,91063,86293,4770,5.238131842790156,277,3 days 08:10:00
recinto-guapiles,luminous_intensity,2025-04-26 19:10:00,2026-08-04 20:30:00,465.05555555555554,66969,34980,31989,47.76687721184429,56,64 days 06:50:00
recinto-guapiles,precipitation,2025-04-25 00:10:00,2026-08-16 00:00:00,477.99305555555554,68832,64512,4320,6.2761506276150625,1,30 days 00:10:00
recinto-guapiles,pressure,2025-11-19 10:50:00,2025-11-19 13:40:00,0.11805555555555555,18,18,0,0.0,0,0 days 00:00:00
recinto-santa-cruz,luminous_intensity,2024-12-12 17:00:00,2026-08-16 00:00:00,611.2916666666666,88027,57565,30462,34.605291558271894,71,42 days 21:00:00
recinto-santa-cruz,precipitation,2024-11-26 00:10:00,2026-08-16 00:00:00,627.9930555555555,90432,90432,0,0.0,0,0 days 00:00:00
recinto-santa-cruz,pressure,2024-12-12 17:00:00,2026-08-16 00:00:00,611.2916666666666,88027,57565,30462,34.605291558271894,71,42 days 21:00:00
sede-atlantico_turrialba,luminous_intensity,2024-10-03 11:40:00,2026-08-16 00:00:00,681.5138888888889,98139,95259,2880,2.934613150735182,74,3 days 18:40:00
sede-atlantico_turrialba,precipitation,2024-09-27 00:10:00,2026-08-16 00:00:00,687.9930555555555,99072,99072,0,0.0,0,0 days 00:00:00
sede-atlantico_turrialba,pressure,2024-10-03 11:40:00,2026-08-16 00:00:00,681.5138888888889,98139,95259,2880,2.934613150735182,74,3 days 18:40:00
sede-caribe_limon,luminous_intensity,2025-07-20 15:00:00,2026-08-16 00:00:00,391.375,56359,41870,14489,25.708405046221543,133,35 days 03:10:00
sede-caribe_limon,precipitation,2025-06-24 00:10:00,2026-08-16 00:00:00,417.99305555555554,60192,60192,0,0.0,0,0 days 00:00:00
sede-caribe_limon,pressure,2025-11-19 13:10:00,2026-08-16 00:00:00,269.4513888888889,38802,30072,8730,22.498840265965672,118,24 days 07:00:00
sede-central_finca-1,luminous_intensity,2025-11-08 17:40:00,2026-08-16 00:00:00,280.2638888888889,40359,38126,2233,5.532842736440447,34,6 days 21:10:00
sede-central_finca-1,precipitation,2025-10-22 00:10:00,2026-08-16 00:00:00,297.99305555555554,42912,42912,0,0.0,0,0 days 00:00:00
sede-central_finca-1,pressure,2025-11-08 17:40:00,2026-08-16 00:00:00,280.2638888888889,40359,38126,2233,5.532842736440447,34,6 days 21:10:00
sede-central_finca-2,luminous_intensity,2025-04-30 08:30:00,2026-07-21 15:20:00,447.28472222222223,64410,43642,20768,32.24344045955597,263,16 days 18:30:00
sede-central_finca-2,precipitation,2025-04-25 00:10:00,2026-08-16 00:00:00,477.99305555555554,68832,68832,0,0.0,0,0 days 00:00:00
sede-central_finca-2,pressure,2025-04-30 08:30:00,2026-07-21 15:20:00,447.28472222222223,64410,43642,20768,32.24344045955597,263,16 days 18:30:00
sede-central_finca-3,luminous_intensity,2024-12-12 16:10:00,2026-08-16 00:00:00,611.3263888888889,88032,49035,38997,44.2986641221374,1271,106 days 03:50:00
sede-central_finca-3,precipitation,2024-11-26 00:10:00,2026-08-16 00:00:00,627.9930555555555,90432,81792,8640,9.554140127388536,1,60 days 00:10:00
sede-central_finca-3,pressure,2024-12-12 16:10:00,2026-08-16 00:00:00,611.3263888888889,88032,49035,38997,44.2986641221374,1271,106 days 03:50:00
sede-central_losic-norte-1,luminous_intensity,2026-04-07 19:10:00,2026-08-16 00:00:00,130.20138888888889,18750,17948,802,4.277333333333333,7,3 days 18:20:00
sede-central_losic-norte-1,precipitation,2025-09-22 00:10:00,2026-08-16 00:00:00,327.99305555555554,47232,42912,4320,9.146341463414634,1,30 days 00:10:00
sede-central_losic-norte-1,pressure,2026-04-07 19:10:00,2026-08-16 00:00:00,130.20138888888889,18750,17948,802,4.277333333333333,7,3 days 18:20:00
sede-central_losic-norte-2,luminous_intensity,2025-10-12 08:00:00,2026-04-04 15:00:00,174.29166666666666,25099,11646,13453,53.59974500976134,37,57 days 04:00:00
sede-central_losic-norte-2,precipitation,2025-08-23 00:10:00,2026-04-20 00:00:00,239.99305555555554,34560,30240,4320,12.5,1,30 days 00:10:00
sede-central_losic-norte-2,pressure,2025-10-12 07:50:00,2026-04-04 15:00:00,174.29861111111111,25100,11647,13453,53.59760956175299,37,57 days 04:00:00
sede-central_sabanilla,luminous_intensity,2026-04-29 09:40:00,2026-08-16 00:00:00,108.59722222222223,15639,15355,284,1.8159728882920902,21,1 days 12:10:00
sede-central_sabanilla,precipitation,2026-04-20 00:10:00,2026-08-16 00:00:00,117.99305555555556,16992,16992,0,0.0,0,0 days 00:00:00
sede-central_sabanilla,pressure,2026-04-29 09:40:00,2026-08-16 00:00:00,108.59722222222223,15639,15355,284,1.8159728882920902,21,1 days 12:10:00
sede-guanacaste_liberia,luminous_intensity,2024-12-12 16:10:00,2026-08-16 00:00:00,611.3263888888889,88032,59820,28212,32.0474372955289,313,62 days 02:00:00
sede-guanacaste_liberia,precipitation,2024-11-26 00:10:00,2026-08-16 00:00:00,627.9930555555555,90432,86112,4320,4.777070063694268,1,30 days 00:10:00
sede-guanacaste_liberia,pressure,2024-12-12 16:10:00,2026-08-16 00:00:00,611.3263888888889,88032,59820,28212,32.0474372955289,313,62 days 02:00:00
sede-sur_golfito,luminous_intensity,2024-12-12 16:10:00,2026-08-16 00:00:00,611.3263888888889,88032,76810,11222,12.747637222828063,190,26 days 06:40:00
sede-sur_golfito,precipitation,2024-11-26 00:10:00,2026-08-16 00:00:00,627.9930555555555,90432,90432,0,0.0,0,0 days 00:00:00
sede-sur_golfito,pressure,2024-12-12 16:10:00,2026-08-16 00:00:00,611.3263888888889,88032,76810,11222,12.747637222828063,190,26 days 06:40:00
