sensor,anomaly_type,predicted,verdict,evidence,caveat
pressure,point,z_score / modified_z_score,consistent,"22.2% of z_score flags are isolated single bins against 0.5% for lstm_ae, the contrast the criterion predicts",lof is comparably point-like on this channel (60.8% isolated) despite being a density method
pressure,contextual,cross-sensor lagged response,inconclusive by construction,no detector in the roster reads a second channel,"stated as a scope limit, not a taxonomy finding"
pressure,collective,lstm_ae / gru_ae,consistent,90.6% of lstm_ae flags sit in runs of >=1h against 12.7% for z_score; at native thresholds the recurrent pair flag 100% of the sustained impossible-value readings and z_score 0%,"run length describes the shape of a flagged set, not the status of the episodes as anomalies"
precipitation,point,z_score / modified_z_score,consistent,"51.8% of z_score flags isolated, the highest of the seven methods on this channel","the channel is 96% zeros, so an isolated flag is a nonzero bin more often than a distributional outlier"
precipitation,contextual,cross-sensor daytime coupling,inconclusive by construction,no detector in the roster reads a second channel,"stated as a scope limit, not a taxonomy finding"
precipitation,collective,lstm_ae / gru_ae,consistent,95.9% of lstm_ae flags in runs of >=1h against 10.2% for z_score,"run length describes the shape of a flagged set, not the status of the episodes as anomalies"
luminous_intensity,point,z_score / modified_z_score,consistent,"41.6% of z_score flags are extreme in the 24h-pooled distribution, the highest of the eight entries, against a 6.5% baseline",lof is comparably point-like on this channel (45.8% isolated) despite being a density method
luminous_intensity,contextual,z_score_context_hour,consistent,"91.4% of its flags are unremarkable in the pooled distribution yet extreme for their hour, against a 5.4% baseline; no other method exceeds 21.0%",hour-extremeness is partly definitional for an hour-conditioned statistic; the testable half is that no other method reaches those readings
luminous_intensity,collective,lstm_ae / gru_ae,consistent,84.5% of lstm_ae flags in runs of >=1h against 0.5% for z_score,"run length describes the shape of a flagged set, not the status of the episodes as anomalies"
